Title,Link
The 17 Laws of Self Improvement,https://www.youtube.com/watch?v=-0-30Ghhj-A&pp=ygURc2VsZiBkZXZlbG9wbWVudCA%3D
8 Simple Self Improvement Principles,https://www.youtube.com/watch?v=0foQiAJ3uHg&pp=ygURc2VsZiBkZXZlbG9wbWVudCA%3D
How to Take Charge of Your Life Jim Rohn Personal Development,https://www.youtube.com/watch?v=pUz06GHWWuM&pp=ygURc2VsZiBkZXZlbG9wbWVudCA%3D
"Stop doubting yourself and go after what you really, really want | Mario Lanzarotti | TEDxWilmington",https://www.youtube.com/watch?v=DmeOX5Zu36M&pp=ygURc2VsZiBkZXZlbG9wbWVudCA%3D
Force Yourself To Take Action - Jim Rohn Motivational Speech,https://www.youtube.com/watch?v=DSgiozMIlaw&pp=ygURc2VsZiBkZXZlbG9wbWVudCA%3D
How to Work on Yourself | Jim Rohn Personal Development,https://www.youtube.com/watch?v=KWZvv373ZMo&pp=ygURc2VsZiBkZXZlbG9wbWVudCA%3D
Recharge Your Mind | Jim Rohn Compilation | Motivation | Let's Become Successful,https://www.youtube.com/watch?v=hQZkfH8w7Ds&pp=ygURc2VsZiBkZXZlbG9wbWVudCA%3D
Jordan Peterson: How To Become The Person You’ve Always Wanted To Be | E113,https://www.youtube.com/watch?v=3uLDin9A9pc&pp=ygURc2VsZiBkZXZlbG9wbWVudCA%3D
A guide to believing in yourself (but for real this time) | Catherine Reitman | TEDxToronto,https://www.youtube.com/watch?v=jpRqbP9Nv9k&pp=ygURc2VsZiBkZXZlbG9wbWVudCA%3D
Self-Isolation Era: Focus on Yourself for 1 Month & Become Unrecognisable (full guide),https://www.youtube.com/watch?v=2yvyvix3Syw&pp=ygURc2VsZiBkZXZlbG9wbWVudCA%3D
Ed Mylett: Set Yourself Up For Success With These DAILY ROUTINES!,https://www.youtube.com/watch?v=baSYO7oncB4&pp=ygURc2VsZiBkZXZlbG9wbWVudCA%3D
The Ancient Secret to Self-Improvement - Manly P. Hall,https://www.youtube.com/watch?v=X5DY_OAIHB4&pp=ygURc2VsZiBkZXZlbG9wbWVudCA%3D
How to Improve Yourself Right NOW (and Why) - Prof. Jordan Peterson,https://www.youtube.com/watch?v=PE0u7-SX2hs&pp=ygURc2VsZiBkZXZlbG9wbWVudCA%3D
The BEST self-improvement advice you'll ever hear (probably),https://www.youtube.com/watch?v=qHhq7OBmw38&pp=ygURc2VsZiBkZXZlbG9wbWVudCA%3D
Mastering The 5 Abilities For Personal Growth | Jim Rohn Motivation,https://www.youtube.com/watch?v=4ygRSS5sT2w&pp=ygURc2VsZiBkZXZlbG9wbWVudCA%3D
Staying consistent on self improvement,https://www.youtube.com/watch?v=EFtGEb3Kqz4&pp=ygURc2VsZiBkZXZlbG9wbWVudCA%3D
The Ultimate 3 Hour Stoicism Guide for Self-Development,https://www.youtube.com/watch?v=dr8DPns5gTE&pp=ygURc2VsZiBkZXZlbG9wbWVudCA%3D
The 7 Essential Pillars of Personal Development | Brian Tracy,https://www.youtube.com/watch?v=AWGayyX9I6o&pp=ygURc2VsZiBkZXZlbG9wbWVudCA%3D
How To Eliminate Self Doubt Forever & The Power of Your Unconscious Mind | Peter Sage | TEDxPatras,https://www.youtube.com/watch?v=v1ojZKWfShQ&pp=ygURc2VsZiBkZXZlbG9wbWVudCA%3D
How to Make Learning as Addictive as Social Media | Luis Von Ahn | TED,https://www.youtube.com/watch?v=P6FORpg0KVo&pp=ygURc2VsZiBkZXZlbG9wbWVudCA%3D
What Makes a Leader Great?,https://www.youtube.com/watch?v=NQN4mtTagL0&pp=ygURc2VsZiBkZXZlbG9wbWVudCA%3D
Daniel Goleman Introduces Emotional Intelligence | Big Think,https://www.youtube.com/watch?v=Y7m9eNoB3NU&pp=ygURc2VsZiBkZXZlbG9wbWVudCA%3D
5 Lessons I've Learned From 10 Years of Self-improvement,https://www.youtube.com/watch?v=BmXj3OyMqb8&pp=ygURc2VsZiBkZXZlbG9wbWVudCA%3D
The Myth of Self Improvement,https://www.youtube.com/watch?v=Scwsg9Ai3rg&pp=ygURc2VsZiBkZXZlbG9wbWVudCA%3D
Why self improvement is ruining your life,https://www.youtube.com/watch?v=DEz7oJy37lI&pp=ygURc2VsZiBkZXZlbG9wbWVudCA%3D
20 Self Improvement Tips to Improve Your Personality,https://www.youtube.com/watch?v=De-bLfEUeLE&pp=ygURc2VsZiBkZXZlbG9wbWVudCA%3D
SELF IMPROVEMENT - Must Hear *important* Inspirational Speech,https://www.youtube.com/watch?v=RO4abBz6W7M&pp=ygURc2VsZiBkZXZlbG9wbWVudCA%3D
Stop watching self improvement videos.,https://www.youtube.com/watch?v=wiX96XnOLX4&pp=ygURc2VsZiBkZXZlbG9wbWVudCA%3D
POV: You Started Self-Improvement...,https://www.youtube.com/shorts/5Mxd6UQInME
This video will make you confident,https://www.youtube.com/watch?v=D3JQJ-U12Y0&pp=ygURc2VsZiBkZXZlbG9wbWVudCA%3D
7 Self Improvement Rules You MUST Follow,https://www.youtube.com/watch?v=Bfl1TcFAcW8&pp=ygURc2VsZiBkZXZlbG9wbWVudCA%3D
I read 100 self-help books. Here’s what I learned…,https://www.youtube.com/watch?v=S_V4CdP6aLA&pp=ygURc2VsZiBkZXZlbG9wbWVudCA%3D
Self Development from Quran || Mohammad Ali,https://www.youtube.com/watch?v=_0-w9fDh_Bg&pp=ygURc2VsZiBkZXZlbG9wbWVudCA%3D
DON'T tell your friends about self improvement.,https://www.youtube.com/watch?v=z3IvEQiz8VE&pp=ygURc2VsZiBkZXZlbG9wbWVudCA%3D
Self-Development Is Ruining Your Life,https://www.youtube.com/shorts/KpbU4D-PuJ0
Jordan Peterson's Life Advice Will Change Your Future (MUST WATCH),https://www.youtube.com/watch?v=wqEsTPaUZF0&pp=ygURc2VsZiBkZXZlbG9wbWVudCA%3D
ULTIMATE Self-Improvement HABITS Ranking (BEST to WORST),https://www.youtube.com/watch?v=WhRXoADUtkk&pp=ygURc2VsZiBkZXZlbG9wbWVudCA%3D
3 Pieces of Self-Help Advice that Will RUIN Your Life (WARNING),https://www.youtube.com/watch?v=h6nI3_kqHHo&pp=ygURc2VsZiBkZXZlbG9wbWVudCA%3D
FULL SELF IMPROVEMENT GUIDE for teen girls (how to change your life),https://www.youtube.com/watch?v=KyAeX8R0cvo&pp=ygURc2VsZiBkZXZlbG9wbWVudCA%3D
"Mel Robbins ON: If You STRUGGLE With Stress & Anxiety, This Will CHANGE Your Life! | Jay Shetty",https://www.youtube.com/watch?v=LhYRD0XmzOU&pp=ygURc2VsZiBkZXZlbG9wbWVudCA%3D
Self-Isolation Era: Focus on Yourself for 1 Month & Become Unrecognisable (full guide),https://www.youtube.com/watch?v=2yvyvix3Syw&pp=ygURc2VsZiBkZXZlbG9wbWVudCA%3D
How to Master Your Thinking Patterns and Habits for Self Development [Occult Lecture],https://www.youtube.com/watch?v=ME9xBGvhWuw&pp=ygURc2VsZiBkZXZlbG9wbWVudCA%3D
why we struggle with discipline (& how to improve),https://www.youtube.com/watch?v=agj8rC9m_ts&pp=ygURc2VsZiBkZXZlbG9wbWVudCA%3D
Self-Improvement Is Ruining Your Life,https://www.youtube.com/watch?v=Y-IXbsqxBac&pp=ygURc2VsZiBkZXZlbG9wbWVudCA%3D
How Fight Club Exposed The Self-Help Industry,https://www.youtube.com/watch?v=6Fkw4WATswk&pp=ygURc2VsZiBkZXZlbG9wbWVudCA%3D
you are not a self improvement project,https://www.youtube.com/watch?v=BvjSwkYaz1k&pp=ygURc2VsZiBkZXZlbG9wbWVudCA%3D
How to improve your personality,https://www.youtube.com/shorts/VwZ5APCi864
Daily Self Improvement Routine,https://www.youtube.com/shorts/QdHLL49Z0vQ
How To Reinvent Yourself,https://www.youtube.com/watch?v=s7MyoeyBjjY&pp=ygURc2VsZiBkZXZlbG9wbWVudCA%3D
Why Self-Improvement is Masturbation - Nietzsche's philosophy of Downgoing,https://www.youtube.com/watch?v=zyQdD4pe9w4&pp=ygURc2VsZiBkZXZlbG9wbWVudCA%3D
YOUR COMPLETE SELF-DEVELOPMENT GUIDE! (Follow These 5 Steps...),https://www.youtube.com/watch?v=tVvzKRad01w&pp=ygURc2VsZiBkZXZlbG9wbWVudCA%3D
Jordan Peterson on Self Improvement,https://www.youtube.com/shorts/DCRLHMLTF5w
Carl Jung's Method of Self-Development - The Path of Individuation,https://www.youtube.com/watch?v=Vx_60kIXLIU&pp=ygURc2VsZiBkZXZlbG9wbWVudCA%3D
The Power of Personal Growth - Jim Rohn #Short,https://www.youtube.com/shorts/PkruoVsYWQc
5 Habits to Improve Your Life,https://www.youtube.com/shorts/0m2a6-h01T0
SELF IMPROVEMENT HABITS TIER LIST,https://www.youtube.com/shorts/VZ2bDmTDuEk
for those falling off self improvement...,https://www.youtube.com/watch?v=jnGn6uJPcpw&pp=ygURc2VsZiBkZXZlbG9wbWVudCA%3D
How to Improve Yourself Right NOW (And Why),https://www.youtube.com/watch?v=6AfKseHKmRc&pp=ygURc2VsZiBkZXZlbG9wbWVudCA%3D
Joe Rogan - Jordan Peterson's Philosophy on Self Improvement,https://www.youtube.com/watch?v=YL7rZTV0nHw&pp=ygURc2VsZiBkZXZlbG9wbWVudCA%3D
Self improvement 101 by John C. Maxwell - Part 1 to Part 3 (audiobook),https://www.youtube.com/watch?v=ft2ZzE-BUVk&pp=ygURc2VsZiBkZXZlbG9wbWVudCA%3D
"""Self improvement ruined my life""",https://www.youtube.com/watch?v=kRAFDv5SVmg&pp=ygURc2VsZiBkZXZlbG9wbWVudCA%3D
How Do I Start Self-Improvement Again,https://www.youtube.com/watch?v=wtJCRkoGI6Q&pp=ygURc2VsZiBkZXZlbG9wbWVudCA%3D
"Full Self-Improvement Course: Level-Up Your Life (A 750k subs ""thank-you"")",https://www.youtube.com/watch?v=zIZaDTfmVsA&pp=ygURc2VsZiBkZXZlbG9wbWVudCA%3D
Stop Your FAKE Self Improvement [Change Your Life in a Month],https://www.youtube.com/watch?v=DfIUlmzPH-4&pp=ygURc2VsZiBkZXZlbG9wbWVudCA%3D
A Dynamic Prescription for Personal Growth | Chris Kent | TEDxYoungstown,https://www.youtube.com/watch?v=JE-7RkG3p4U&pp=ygURc2VsZiBkZXZlbG9wbWVudCA%3D
"How To Develop Yourself ""Wholistically"" | Dr. Olumide Emmanuel | TEDxJibowu",https://www.youtube.com/watch?v=LctYYYiOn-w&pp=ygURc2VsZiBkZXZlbG9wbWVudCA%3D
The worst self improvement mistake,https://www.youtube.com/watch?v=wLzteVkyReA&pp=ygURc2VsZiBkZXZlbG9wbWVudCA%3D
ULTIMATE Self-Improvement HABITS Ranking (BEST to WORST),https://www.youtube.com/watch?v=WhRXoADUtkk&pp=ygURc2VsZiBkZXZlbG9wbWVudCA%3D
I read 100 self-help books. Here’s what I learned…,https://www.youtube.com/watch?v=S_V4CdP6aLA&pp=ygURc2VsZiBkZXZlbG9wbWVudCA%3D
Do You Have Self Development Depression? - Hamza,https://www.youtube.com/shorts/GQe8CP_tQn4
Self-Isolation Era: Focus on Yourself for 1 Month & Become Unrecognisable (full guide),https://www.youtube.com/watch?v=2yvyvix3Syw&pp=ygURc2VsZiBkZXZlbG9wbWVudCA%3D
Self-Improvement Is Ruining Your Life,https://www.youtube.com/watch?v=Y-IXbsqxBac&pp=ygURc2VsZiBkZXZlbG9wbWVudCA%3D
How to Master Your Thinking Patterns and Habits for Self Development [Occult Lecture],https://www.youtube.com/watch?v=ME9xBGvhWuw&pp=ygURc2VsZiBkZXZlbG9wbWVudCA%3D
"The Toxic World of Self Help: Hustle Culture, Toxic Positivity, Addiction, and Fake Gurus.",https://www.youtube.com/watch?v=dmLTLkCBSN8&pp=ygURc2VsZiBkZXZlbG9wbWVudCA%3D
"how to VALIDATE YOURSELF | stop seeking external validation, grow your self worth and level up!",https://www.youtube.com/watch?v=4ENp8Q_WxFM&pp=ygURc2VsZiBkZXZlbG9wbWVudCA%3D
Turn Self Sabotage Into Self Improvement,https://www.youtube.com/watch?v=wVWAUpfezIA&pp=ygURc2VsZiBkZXZlbG9wbWVudCA%3D
How to improve your personality,https://www.youtube.com/shorts/VwZ5APCi864
Self Improvement Tier List,https://www.youtube.com/shorts/WDFHitttadI
What is Personal Development?,https://www.youtube.com/watch?v=786WKDhcU8U&pp=ygURc2VsZiBkZXZlbG9wbWVudCA%3D
The Dark Side of Self Improvement | Suzanne Eder | TEDxWilmington,https://www.youtube.com/watch?v=wljRiAofFJ8&pp=ygURc2VsZiBkZXZlbG9wbWVudCA%3D
"Full Self-Improvement Course: Level-Up Your Life (A 750k subs ""thank-you"")",https://www.youtube.com/watch?v=zIZaDTfmVsA&pp=ygURc2VsZiBkZXZlbG9wbWVudCA%3D
Become EXTREMELY Confident in LIFE (IMPORTANT TRUTH) | self development,https://www.youtube.com/watch?v=T1lYjqlRkyc&pp=ygURc2VsZiBkZXZlbG9wbWVudCA%3D
Jordan Peterson's Life Advice Will Change Your Future (MUST WATCH),https://www.youtube.com/watch?v=wqEsTPaUZF0&pp=ygURc2VsZiBkZXZlbG9wbWVudCA%3D
The PERFECT 6AM Morning Routine For Self-Improvement,https://www.youtube.com/watch?v=NlXPiHArsDE&pp=ygURc2VsZiBkZXZlbG9wbWVudCA%3D
I read 300 self-improvement books to learn these 3 lessons...,https://www.youtube.com/watch?v=dndxT20s_pc&pp=ygURc2VsZiBkZXZlbG9wbWVudCA%3D
A Dynamic Prescription for Personal Growth | Chris Kent | TEDxYoungstown,https://www.youtube.com/watch?v=JE-7RkG3p4U&pp=ygURc2VsZiBkZXZlbG9wbWVudCA%3D
The Only Self-Help Book Worth Reading | Aristotle's Nicomachean Ethics,https://www.youtube.com/watch?v=X6dG3dK03Zw&pp=ygURc2VsZiBkZXZlbG9wbWVudCA%3D
BREAK The Cycle Of Self Sabotage & STOP Your Shame Spiral | La La Anthony,https://www.youtube.com/watch?v=7JpH2nFu4cY&pp=ygURc2VsZiBkZXZlbG9wbWVudCA%3D
"how to REALLY be a high value woman | high value traits, what to avoid & femininity tips",https://www.youtube.com/watch?v=ejy10HAKMaE&pp=ygURc2VsZiBkZXZlbG9wbWVudCA%3D
The Self Improvement Relationship Trap,https://www.youtube.com/watch?v=0X8Jr8NZIKs&pp=ygURc2VsZiBkZXZlbG9wbWVudCA%3D
How To Change Everything in 2024 [Full Self Improvement Guide],https://www.youtube.com/watch?v=_xtjLnp8pVc&pp=ygURc2VsZiBkZXZlbG9wbWVudCA%3D
10 Minutes to Start Your Day Right! - Motivational Speech By Oprah Winfrey [YOU NEED TO WATCH THIS],https://www.youtube.com/watch?v=Fo6oU4DfdH0&pp=ygURc2VsZiBkZXZlbG9wbWVudCA%3D
How to start consuming productively (no bs guide),https://www.youtube.com/watch?v=2uwkil2YP2o&pp=ygURc2VsZiBkZXZlbG9wbWVudCA%3D
The Tragedy Of Self Improvement,https://www.youtube.com/watch?v=_M77_e85Nuc&pp=ygURc2VsZiBkZXZlbG9wbWVudCA%3D
"Mel Robbins: ""Saying These 2 Words Could Fix Your Anxiety!"" (Brand New Trick)",https://www.youtube.com/watch?v=_BNDdamTDak&pp=ygURc2VsZiBkZXZlbG9wbWVudCA%3D
Personal Development & Growth (Self Help & Improvement) - Motivational Audiobook Full Length,https://www.youtube.com/watch?v=BhCbJODP0Zo&pp=ygURc2VsZiBkZXZlbG9wbWVudCA%3D
How to improve your personality,https://www.youtube.com/shorts/VwZ5APCi864
The secret to self control | Jonathan Bricker | TEDxRainier,https://www.youtube.com/watch?v=tTb3d5cjSFI&pp=ygURc2VsZiBkZXZlbG9wbWVudCA%3D
Self-Improvement RUINED My Life,https://www.youtube.com/watch?v=5GMtKDMi6E4&pp=ygURc2VsZiBkZXZlbG9wbWVudCA%3D
Tony Robbins Motivation - How to Stop Self Sabotaging Behavior - Personal Development vs Growth,https://www.youtube.com/watch?v=UBBuC88soWc&pp=ygURc2VsZiBkZXZlbG9wbWVudCA%3D
How To Master Self-Control,https://www.youtube.com/watch?v=MnSj-y01KDg&pp=ygURc2VsZiBkZXZlbG9wbWVudCA%3D
Jordan Peterson: How To Become The Person You’ve Always Wanted To Be | E113,https://www.youtube.com/watch?v=3uLDin9A9pc&pp=ygURc2VsZiBkZXZlbG9wbWVudCA%3D
What is the Avoidant Discard & How is it Traumatic?,https://www.youtube.com/watch?v=Rz7zZg0-p4w&pp=ygURc2VsZiBkZXZlbG9wbWVudCA%3D
The Most Underrated Tool in Self-Development,https://www.youtube.com/shorts/YDuRjjDv9jc
The Art of Self Improvement in Batman,https://www.youtube.com/watch?v=dnDEK8YmD5c&pp=ygURc2VsZiBkZXZlbG9wbWVudCA%3D
How to Find Yourself Again - Best Motivational Video,https://www.youtube.com/watch?v=84Iua10ZPDY&pp=ygURc2VsZiBkZXZlbG9wbWVudCA%3D
How to Discover Your Authentic Self -- at Any Age | Bevy Smith | TED,https://www.youtube.com/watch?v=7vqnazqmceQ&pp=ygURc2VsZiBkZXZlbG9wbWVudCA%3D
How to Increase Self Confidence?,https://www.youtube.com/shorts/ZejKrRhE6qA
Learn Personal Development Course | Self Improvement Skills to learn | Improve Skill,https://www.youtube.com/watch?v=8yNxEKKXoRU&pp=ygURc2VsZiBkZXZlbG9wbWVudCA%3D
How To Unf*ck Your Life,https://www.youtube.com/watch?v=fZxHDwKlI6I&pp=ygURc2VsZiBkZXZlbG9wbWVudCA%3D
"The Truth Is, You're Not a Self-Improvement Project",https://www.youtube.com/watch?v=bn7Rs9jgIZw&pp=ygURc2VsZiBkZXZlbG9wbWVudCA%3D
Transform A Situationship with An Avoidant Attachment Style Into A Relationship,https://www.youtube.com/watch?v=Mn14RYVKq_A&pp=ygURc2VsZiBkZXZlbG9wbWVudCA%3D
Self Development Magical Skills | Positive Attitude | Inspirational quotes | Motivational thoughts,https://www.youtube.com/watch?v=CkZ6I8OeW_Y&pp=ygURc2VsZiBkZXZlbG9wbWVudCA%3D
THIS Is Why An Avoidant Doesn't Fight For A Relationship & What to Do!,https://www.youtube.com/watch?v=-aCN_8WkvEw&pp=ygURc2VsZiBkZXZlbG9wbWVudCA%3D
FOCUS ON YOURSELF NOT OTHERS (motivational video),https://www.youtube.com/watch?v=eBSeCp__xhI&pp=ygURc2VsZiBkZXZlbG9wbWVudCA%3D
The Secret to Personal Growth | Brian Tracy,https://www.youtube.com/watch?v=6rUrr6WZTjs&pp=ygURc2VsZiBkZXZlbG9wbWVudCA%3D
Self-Isolation Era: Focus on Yourself for 1 Month & Become Unrecognisable (full guide),https://www.youtube.com/watch?v=2yvyvix3Syw&pp=ygURc2VsZiBkZXZlbG9wbWVudCA%3D
Self Development | Men's Round Table | A Black Love Series,https://www.youtube.com/watch?v=tzGoJbkHdC0&pp=ygURc2VsZiBkZXZlbG9wbWVudCA%3D
Self-development time (SDT) - some do's and don'ts,https://www.youtube.com/watch?v=ujFiZNUsziA&pp=ygURc2VsZiBkZXZlbG9wbWVudCA%3D
THE SELF-DEVELOPMENT INDUSTRY IS DEAD! (Here's The New Answer...),https://www.youtube.com/watch?v=Bze9KrcQac8&pp=ygURc2VsZiBkZXZlbG9wbWVudCA%3D
PUSH YOURSELF. GRIND EVERY SINGLE DAY - Jim Rohn Motivational Speech,https://www.youtube.com/watch?v=bn9bW3kv8DQ&pp=ygURc2VsZiBkZXZlbG9wbWVudCA%3D
Self Improvement is beautiful and I wish that for you,https://www.youtube.com/watch?v=_wVuCGG2qFs&pp=ygURc2VsZiBkZXZlbG9wbWVudCA%3D
Are you Stuck in the Self-Development Trap? 5 Simple steps to get unstuck.,https://www.youtube.com/watch?v=sUm9PZgAcig&pp=ygURc2VsZiBkZXZlbG9wbWVudCA%3D
5 Self-Development Tips To Become The Best Version Of Yourself-2020/Blush With Me Parmita,https://www.youtube.com/watch?v=zxY8LNglUTw&pp=ygURc2VsZiBkZXZlbG9wbWVudCA%3D
20 Powerful Concepts for Self-Improvement,https://www.youtube.com/watch?v=5sINV9aHaSI&pp=ygURc2VsZiBkZXZlbG9wbWVudCA%3D
Solo Leveling: Full Self Improvement Guide,https://www.youtube.com/watch?v=_KnIfEIJ580&pp=ygURc2VsZiBkZXZlbG9wbWVudCA%3D
HOW TO CHANGE YOUR LIFE WITH A PERSONAL DEVELOPMENT PLAN,https://www.youtube.com/watch?v=7CEwDe2LoDQ&pp=ygURc2VsZiBkZXZlbG9wbWVudCA%3D
"HOW to: goal-setting, self-development, values, habits",https://www.youtube.com/watch?v=DllxzREpYy0&pp=ygURc2VsZiBkZXZlbG9wbWVudCA%3D
A Unique Way of Personal Development | پرسنل ڈویلپمنٹ کا انوکھا طریقہ,https://www.youtube.com/watch?v=5_ye3veJyGw&pp=ygURc2VsZiBkZXZlbG9wbWVudCA%3D
"Personal Development: Can I Give ""Self-Help"" A Rest?",https://www.youtube.com/watch?v=BtY-oCyI6cM&pp=ygURc2VsZiBkZXZlbG9wbWVudCA%3D
Ed Mylett: Set Yourself Up For Success With These DAILY ROUTINES!,https://www.youtube.com/watch?v=baSYO7oncB4&pp=ygURc2VsZiBkZXZlbG9wbWVudCA%3D
The Self Improvement Crisis: A Generation Of Lost Men,https://www.youtube.com/watch?v=ugyKvAkMSD0&pp=ygURc2VsZiBkZXZlbG9wbWVudCA%3D
Become a whole NEW PERSON in just 90 days⚡| Self Improvement Journey,https://www.youtube.com/watch?v=cobei65XCh8&pp=ygURc2VsZiBkZXZlbG9wbWVudCA%3D
DO THIS To Never Be LAZY AGAIN! (Master Self-Discipline)| Jay Shetty,https://www.youtube.com/watch?v=sxPqNpt6SRw&pp=ygURc2VsZiBkZXZlbG9wbWVudCA%3D
Importance of Self Development 2023,https://www.youtube.com/watch?v=Dq-TpvmXmxg&pp=ygURc2VsZiBkZXZlbG9wbWVudCA%3D
Personal Development And Self-Help Programs Are Scams,https://www.youtube.com/watch?v=CXxjLWMHHXs&pp=ygURc2VsZiBkZXZlbG9wbWVudCA%3D
How to Develop an Attractive Personality | 7 Personality Enhancing/Development Tips | ChetChat,https://www.youtube.com/watch?v=v2euEwGnas8&pp=ygURc2VsZiBkZXZlbG9wbWVudCA%3D
Unlock Your True Potential: The Ultimate Self Improvement Guide for 2023,https://www.youtube.com/watch?v=HlRr2XcRzPs&pp=ygURc2VsZiBkZXZlbG9wbWVudCA%3D
A Personal Development Story For The Self Improvement Journey,https://www.youtube.com/watch?v=GEG2Z2x_95I&pp=ygURc2VsZiBkZXZlbG9wbWVudCA%3D
Simon Sinek: The Number One Reason Why You’re Not Succeeding | E145,https://www.youtube.com/watch?v=Q-zuTZuYeCg&pp=ygURc2VsZiBkZXZlbG9wbWVudCA%3D
How to Start Your Self Growth Journey In 3 Steps | Personal Development Tips,https://www.youtube.com/watch?v=Rz0eyBGLy2k&pp=ygURc2VsZiBkZXZlbG9wbWVudCA%3D
Self Development | سیلف ڈویلپمنٹ,https://www.youtube.com/watch?v=f07u4s6aTMU&pp=ygURc2VsZiBkZXZlbG9wbWVudCA%3D
THE 5 STAGES OF SELF-DEVELOPMENT! (Follow These Closely...),https://www.youtube.com/watch?v=8iH7nVVGo04&pp=ygURc2VsZiBkZXZlbG9wbWVudCA%3D
I can fix your life in 14 minutes.,https://www.youtube.com/watch?v=8XuR2DsLsEw&pp=ygURc2VsZiBkZXZlbG9wbWVudCA%3D
HOW TO FIX YOUR LIFE: Full Self Improvement Guide,https://www.youtube.com/watch?v=PYaixyrzDOk&pp=ygURc2VsZiBkZXZlbG9wbWVudCA%3D
don't tell your friends about self-improvement,https://www.youtube.com/watch?v=zkKjzei4MA8&pp=ygURc2VsZiBkZXZlbG9wbWVudCA%3D
How self improvement ruined my life.,https://www.youtube.com/watch?v=yz1BYG8PY_I&pp=ygURc2VsZiBkZXZlbG9wbWVudCA%3D
"Mental Models, Personal Growth, Self-development Models to Better Understand and Navigate the World",https://www.youtube.com/watch?v=X4e7-BZCd7c&pp=ygURc2VsZiBkZXZlbG9wbWVudCA%3D
Mindset Reset: Take Control of Your Mental Habits | The Mel Robbins Podcast,https://www.youtube.com/watch?v=ufQEqi4LUZ4&pp=ygURc2VsZiBkZXZlbG9wbWVudCA%3D
Why I Started My Self-Improvement Journey,https://www.youtube.com/watch?v=y4zejKpC9lA&pp=ygURc2VsZiBkZXZlbG9wbWVudCA%3D
You don’t like yourself? Create a new version of yourself,https://www.youtube.com/watch?v=yi6gVC61lv0&pp=ygURc2VsZiBkZXZlbG9wbWVudCA%3D
Self Development Dr Myles Munroe Les Brown gives life changing message to increase your value,https://www.youtube.com/watch?v=IK7X72u4IyU&pp=ygURc2VsZiBkZXZlbG9wbWVudCA%3D
Suffering From Lack of Self-Confidence? | Sadhguru,https://www.youtube.com/watch?v=cwLVRzAGjkw&pp=ygURc2VsZiBkZXZlbG9wbWVudCA%3D
I Ranked Every Habit in Self Improvement | Ultimate Habit Guide,https://www.youtube.com/watch?v=jg6Biwq-X_c&pp=ygURc2VsZiBkZXZlbG9wbWVudCA%3D
25 Universal Rules That Make You MENTALLY UNSTOPPABLE | Audiobook,https://www.youtube.com/watch?v=j2kzmrGMnhU&pp=ygURc2VsZiBkZXZlbG9wbWVudCA%3D
Self Development - The Transcendental Power Trip by Teal Swan,https://www.youtube.com/watch?v=XeGr5zdepNo&pp=ygURc2VsZiBkZXZlbG9wbWVudCA%3D
Jordan Peterson: How to STOP being UNDISCIPLINED.,https://www.youtube.com/watch?v=PQ8hCWA4CIs&pp=ygURc2VsZiBkZXZlbG9wbWVudCA%3D
Joe Rogan's Life Advice Will Change Your Life (MUST WATCH) | Joe Rogan Motivation,https://www.youtube.com/watch?v=P9yQnwpVcsQ&pp=ygURc2VsZiBkZXZlbG9wbWVudCA%3D
Increase your self-awareness with one simple fix | Tasha Eurich | TEDxMileHigh,https://www.youtube.com/watch?v=tGdsOXZpyWE&pp=ygURc2VsZiBkZXZlbG9wbWVudCA%3D
5 things people always compare | the self development coach,https://www.youtube.com/watch?v=0LIKXS1owkM&pp=ygURc2VsZiBkZXZlbG9wbWVudCA%3D
How to motivate yourself to change your behavior | Tali Sharot | TEDxCambridge,https://www.youtube.com/watch?v=xp0O2vi8DX4&pp=ygURc2VsZiBkZXZlbG9wbWVudCA%3D
HOW TO REBRAND & REINVENT YOURSELF | easy steps to change your life NOW and recreate yourself,https://www.youtube.com/watch?v=EK5g5JNqeuQ&pp=ygURc2VsZiBkZXZlbG9wbWVudCA%3D
The Mystery of Time and How to Master It for Self Development [Occult Lecture],https://www.youtube.com/watch?v=nIhrygjzHQc&pp=ygURc2VsZiBkZXZlbG9wbWVudCA%3D
"THE REALITY OF SELF DEVELOPMENT!Self love, setting boundaries, knowing your worth & MORE|LUCY BENSON",https://www.youtube.com/watch?v=MYoeMOAvlmY&pp=ygURc2VsZiBkZXZlbG9wbWVudCA%3D
How to Journal for Self Improvement | Self Development Activities That Actually Work,https://www.youtube.com/watch?v=8OymVMaBsT8&pp=ygURc2VsZiBkZXZlbG9wbWVudCA%3D
This video will change your life,https://www.youtube.com/watch?v=Lk6AkrT5g5w&pp=ygURc2VsZiBkZXZlbG9wbWVudCA%3D
Get Ahead Of 99% Of People With Deep Work & Monk Mode,https://www.youtube.com/watch?v=jCIoQF6PjzM&pp=ygURc2VsZiBkZXZlbG9wbWVudCA%3D
Introspection And Meditation | Mahatria On Self-development,https://www.youtube.com/watch?v=LtMiB2FKRv4&pp=ygURc2VsZiBkZXZlbG9wbWVudCA%3D
Most powerful body language hacks #selfhelp #confidence #bodylanguage #growth #personaldevelopment,https://www.youtube.com/shorts/LaJxqSkUVUU
11 self-love practices that have changed my life | A self-development guide to confidence,https://www.youtube.com/watch?v=h9CgKEGXAgg&pp=ygURc2VsZiBkZXZlbG9wbWVudCA%3D
One Year of Running a Self-Development Channel - What I Learned?,https://www.youtube.com/watch?v=9-Br4eVsyCo&pp=ygURc2VsZiBkZXZlbG9wbWVudCA%3D
How To Know Yourself,https://www.youtube.com/watch?v=4lTbWQ8zD3w&pp=ygURc2VsZiBkZXZlbG9wbWVudCA%3D
Simon Sinek on How Reflection Informs Personal Growth,https://www.youtube.com/watch?v=_Ky-mKuhKgU&pp=ygURc2VsZiBkZXZlbG9wbWVudCA%3D
The 1 Habit that Ruins your Self Development | Day 19 of Life Transformation Challenge,https://www.youtube.com/watch?v=t4BPJQ88hVo&pp=ygURc2VsZiBkZXZlbG9wbWVudCA%3D
Why Self Improvement is Ruining Your Life,https://www.youtube.com/watch?v=zilVZrbpoVc&pp=ygURc2VsZiBkZXZlbG9wbWVudCA%3D
Self-Development Coach Shares Tips To Manifest Life Of Your Dreams,https://www.youtube.com/watch?v=P8CLerKRpl4&pp=ygURc2VsZiBkZXZlbG9wbWVudCA%3D
Part 6: Meditation Series - Growth & Self-Development,https://www.youtube.com/watch?v=0VZ2Misnx6A&pp=ygURc2VsZiBkZXZlbG9wbWVudCA%3D
4 Signs Of Personal Growth and Development,https://www.youtube.com/watch?v=vfhQvGWpNsQ&pp=ygURc2VsZiBkZXZlbG9wbWVudCA%3D
10 Bad Habits That Destroy Your Confidence,https://www.youtube.com/watch?v=uHsRP8jDolI&pp=ygURc2VsZiBkZXZlbG9wbWVudCA%3D
The Game of Life and How to Play it (1925) by Florence Scovel Shinn,https://www.youtube.com/watch?v=wJa5Ch0O4BI&pp=ygURc2VsZiBkZXZlbG9wbWVudCA%3D
SHS Personal Development Q1 Ep4: Self Development,https://www.youtube.com/watch?v=vsxkx_SvWXA&pp=ygURc2VsZiBkZXZlbG9wbWVudCA%3D
Don't Be a Self-Development YouTuber,https://www.youtube.com/watch?v=0maFpgZ4aSU&pp=ygURc2VsZiBkZXZlbG9wbWVudCA%3D
SELF LOVE | Positive Morning Motivation | LISTEN EVERY DAY!,https://www.youtube.com/watch?v=YuNLNeIorJw&pp=ygURc2VsZiBkZXZlbG9wbWVudCA%3D
Don't Go Into Monk Mode,https://www.youtube.com/shorts/5sELGKW6CwU
The Secret to Personal Development | Jim Rohn Motivation,https://www.youtube.com/watch?v=c1v75fPYJkI&pp=ygURc2VsZiBkZXZlbG9wbWVudCA%3D
Ultimate Self-Improvement BOOK Tier List (BEST to WORST),https://www.youtube.com/watch?v=ZUzJo9cWA-0&pp=ygURc2VsZiBkZXZlbG9wbWVudCA%3D
DOES YOUR MIND WORK LIKE THIS? | #67 THE SELF DEVELOPMENT PODCAST,https://www.youtube.com/shorts/lCc9ZDVt1jg
BE UNSHAKEABLE - The Biggest Secret For Masculine Frame (Self-Development),https://www.youtube.com/watch?v=XZuQxaLgVVg&pp=ygURc2VsZiBkZXZlbG9wbWVudCA%3D
(Full Audiobook) This Book Will Change Everything! (Amazing!),https://www.youtube.com/watch?v=GihybX7JyG4&pp=ygURc2VsZiBkZXZlbG9wbWVudCA%3D
Ultimate Self-Improvement HABITS Tier List (BEST to WORST),https://www.youtube.com/watch?v=zdRfWT51eNI&pp=ygURc2VsZiBkZXZlbG9wbWVudCA%3D
Personal Development မြှင့်တင်ချင်ရင် ဘာလုပ်ရမလဲ ❓,https://www.youtube.com/watch?v=CF5NkWmY3RE&pp=ygURc2VsZiBkZXZlbG9wbWVudCA%3D
4 Small Habits To Improve Self Esteem,https://www.youtube.com/watch?v=MbF5dyU96CE&pp=ygURc2VsZiBkZXZlbG9wbWVudCA%3D
How I started my self-improvement journey | Vera V. (@veranothing),https://www.youtube.com/watch?v=4dfOK3coiWA&pp=ygURc2VsZiBkZXZlbG9wbWVudCA%3D
"Think Fast, Talk Smart: Communication Techniques",https://www.youtube.com/watch?v=HAnw168huqA&pp=ygURc2VsZiBkZXZlbG9wbWVudCA%3D
Why Martial Arts for self development is a MUST,https://www.youtube.com/watch?v=0JUbugUqhAw&pp=ygURc2VsZiBkZXZlbG9wbWVudCA%3D
Self Improvement Tips - How To Attract Right People Into Your Life For Personal Growth.,https://www.youtube.com/watch?v=ug5S4WseEWY&pp=ygURc2VsZiBkZXZlbG9wbWVudCA%3D
Earl Nightingale The Dean of Personal Development,https://www.youtube.com/watch?v=DErtw8tbA2Y&pp=ygURc2VsZiBkZXZlbG9wbWVudCA%3D
DISCIPLINE IS EVERYTHING - Jim Rohn Motivational Speech,https://www.youtube.com/watch?v=_yiXie9JegA&pp=ygURc2VsZiBkZXZlbG9wbWVudCA%3D
Unfu*ck Yourself | The Book that will change your life Forever | Book Summary | Yebook,https://www.youtube.com/watch?v=wY8l4kO4U5I&pp=ygURc2VsZiBkZXZlbG9wbWVudCA%3D
How to Use your Myers Briggs Personality Type for Self Development,https://www.youtube.com/watch?v=kQ99c_Z__yU&pp=ygURc2VsZiBkZXZlbG9wbWVudCA%3D
